{
    "C1904::C1904": {
        "description": "Sony Xperia M",
        "eglPbufferNotSupported": "[4.1.2,4.1.2]"
    },
    "C1905::C1905": {
        "description": "Sony Xperia M",
        "eglPbufferNotSupported": "[4.1.2,4.1.2]"
    },
    "C6603::C6603": {
        "description": "Sony Xperia Z",
        "eglPbufferNotSupported": "[4.1.2,4.1.2]"
    },
    "C6903::C6903": {
        "description": "Sony Xperia Z1",
        "eglPbufferNotSupported": "[4.2.2,4.2.2]"
    },
    "GT-S5570I::GT-S5570I": {
        "description": "Galaxy Mini",
        "displayOrientationNotWorking": "*"
    },
    "GT-S5830::GT-S5830": {
        "cameraInitDelayMs": 1500,
        "description": "Samsung Galaxy Ace"
    },
    "GT-S5830B::GT-S5830B": {
        "cameraInitDelayMs": 1500,
        "description": "Samsung Galaxy Ace"
    },
    "GT-S5830C::GT-S5830C": {
        "cameraInitDelayMs": 1500,
        "description": "Samsung Galaxy Ace"
    },
    "GT-S5830D::GT-S5830D": {
        "cameraInitDelayMs": 1500,
        "description": "Samsung Galaxy Ace"
    },
    "GT-S5830F::GT-S5830F": {
        "cameraInitDelayMs": 1500,
        "description": "Samsung Galaxy Ace"
    },
    "GT-S5830G::GT-S5830G": {
        "cameraInitDelayMs": 1500,
        "description": "Samsung Galaxy Ace"
    },
    "GT-S5830L::GT-S5830L": {
        "cameraInitDelayMs": 1500,
        "description": "Samsung Galaxy Ace"
    },
    "GT-S5830M::GT-S5830M": {
        "cameraInitDelayMs": 1500,
        "description": "Samsung Galaxy Ace",
        "displayOrientationNotWorking": "*"
    },
    "GT-S5830T::GT-S5830T": {
        "cameraInitDelayMs": 1500,
        "description": "Samsung Galaxy Ace"
    },
    "GT-S5830i::GT-S5830i": {
        "cameraInitDelayMs": 1500,
        "description": "Samsung Galaxy Ace",
        "displayOrientationNotWorking": "*"
    },
    "GT-S5831i::GT-S5831i": {
        "cameraInitDelayMs": 1500,
        "description": "Samsung Galaxy Ace"
    },
    "GT-S5838::GT-S5838": {
        "cameraInitDelayMs": 1500,
        "description": "Samsung Galaxy Ace"
    },
    "GT-S5839i::GT-S5839i": {
        "cameraInitDelayMs": 1500,
        "description": "Samsung Galaxy Ace"
    },
    "GT-S6358::GT-S6358": {
        "cameraInitDelayMs": 1500,
        "description": "Samsung Galaxy Ace"
    },
    "SC-04E::SC-04E": {
        "description": "Galaxy S4",
        "zeroCopyBufferAllowed": "*"
    },
    "SCH-I619::SCH-I619": {
        "cameraInitDelayMs": 1500,
        "description": "Samsung Galaxy Ace"
    },
    "SCL23::SCL23": {
        "description": "Galaxy S5",
        "meteringNotWorking": "*",
        "zeroCopyBufferAllowed": "*"
    },
    "SGP311::SGP311": {
        "description": "Xperia tablet Z",
        "zeroCopyBufferAllowed": "*"
    },
    "SGP312::SGP312": {
        "description": "Xperia tablet Z",
        "zeroCopyBufferAllowed": "*"
    },
    "SGP321::SGP321": {
        "description": "Xperia tablet Z",
        "zeroCopyBufferAllowed": "*"
    },
    "SGP351::SGP351": {
        "description": "Xperia tablet Z",
        "zeroCopyBufferAllowed": "*"
    },
    "SHW-M240S::SHW-M240S": {
        "cameraInitDelayMs": 1500,
        "description": "Samsung Galaxy Ace"
    },
    "ST23i::ST23i": {
        "description": "Sony Xperia Miro",
        "eglPbufferNotSupported": "[4.0.4,4.0.4]"
    },
    "ST27i::ST27i": {
        "description": "Sony Xperia Go",
        "previewSize": [
            480,
            320
        ]
    },
    "bravo::HTC Desire": {
        "description": "HTC Desire",
        "previewSize": [
            640,
            480
        ]
    },
    "bravo::X06HT": {
        "description": "HTC Desire",
        "previewSize": [
            640,
            480
        ]
    },
    "buzz::HTC Wildfire": {
        "blacklisted": "*",
        "description": "Wildfire"
    },
    "expresslte::GT-I8730": {
        "description": "Samsung Galaxy Express",
        "eglPbufferNotSupported": "[4.1.2,4.1.2]"
    },
    "expresslte::GT-I8730T": {
        "description": "Samsung Galaxy Express",
        "eglPbufferNotSupported": "[4.1.2,4.1.2]"
    },
    "falcon_cdma::XT1028": {
        "description": "Moto G",
        "zeroCopyBufferAllowed": "*"
    },
    "falcon_cdma::XT1031": {
        "description": "Moto G",
        "zeroCopyBufferAllowed": "*"
    },
    "falcon_cdma::XT937C": {
        "description": "Moto G",
        "zeroCopyBufferAllowed": "*"
    },
    "falcon_umts::XT1003": {
        "description": "MOTO G",
        "zeroCopyBufferAllowed": "*"
    },
    "falcon_umts::XT1008": {
        "description": "Moto G",
        "zeroCopyBufferAllowed": "*"
    },
    "falcon_umts::XT1032": {
        "description": "Moto G Google Play edition",
        "zeroCopyBufferAllowed": "*"
    },
    "falcon_umts::XT1034": {
        "description": "Moto G",
        "zeroCopyBufferAllowed": "*"
    },
    "falcon_umts::XT939G": {
        "description": "Moto G",
        "zeroCopyBufferAllowed": "*"
    },
    "falcon_umtsds::XT1033": {
        "description": "MOTO G",
        "zeroCopyBufferAllowed": "*"
    },
    "futon::LEX755": {
        "description": "Motorola LEX 755",
        "eglPbufferNotSupported": "[4.2.2,4.2.2]"
    },
    "g2::LG-D802": {
        "description": "LG G2",
        "eglPbufferNotSupported": "[4.2.2,4.2.2]"
    },
    "geehrc::LG-E975": {
        "description": "LG Optimus G",
        "eglPbufferNotSupported": "[4.1.2,4.1.2]"
    },
    "geehrc::LG-E975K": {
        "description": "LG Optimus G",
        "eglPbufferNotSupported": "[4.1.2,4.1.2]"
    },
    "geehrc::LG-E975T": {
        "description": "LG Optimus G",
        "eglPbufferNotSupported": "[4.1.2,4.1.2]"
    },
    "glass-1::Glass 1": {
        "description": "Google glass",
        "displayOrientationNotWorking": "*"
    },
    "golfc::HTC Desire C": {
        "description": "HTC Desire C",
        "previewSize": [
            640,
            480
        ]
    },
    "golfu::HTC Desire C": {
        "description": "HTC Desire C",
        "previewSize": [
            640,
            480
        ]
    },
    "hammerhead::Nexus 5": {
        "description": "Nexus 5",
        "zeroCopyBufferAllowed": "*"
    },
    "bullhead::Nexus 5X" : {
        "description": "Nexus 5X",
        "zeroCopyBufferAllowed": "*"
    },
    "htc_m8::HTC M8w": {
        "description": "HTC One (M8)",
        "focusUntrusty": "[5.0.0,*>",
        "zeroCopyBufferAllowed": "<*,5.0.0>"
    },
    "htc_m8::HTC One_M8": {
        "description": "HTC One (M8)",
        "focusUntrusty": "[5.0.0,*>",
        "zeroCopyBufferAllowed": "<*,5.0.0>"
    },
    "htc_m8::HTC_0P6B": {
        "description": "HTC One (M8)",
        "focusUntrusty": "[5.0.0,*>",
        "zeroCopyBufferAllowed": "<*,5.0.0>"
    },
    "htc_m8::HTC_0P6B6": {
        "description": "HTC One (M8)",
        "focusUntrusty": "[5.0.0,*>",
        "zeroCopyBufferAllowed": "<*,5.0.0>"
    },
    "htc_m8::HTC_M8x": {
        "description": "HTC One (M8)",
        "focusUntrusty": "[5.0.0,*>",
        "zeroCopyBufferAllowed": "<*,5.0.0>"
    },
    "htc_m8dug::HTC M8e": {
        "description": "HTC One (M8) (4G LTE)",
        "focusUntrusty": "[5.0.0,*>",
        "zeroCopyBufferAllowed": "<*,5.0.0>"
    },
    "htc_m8dug::HTC One_M8 dual sim": {
        "description": "HTC One (M8)",
        "focusUntrusty": "[5.0.0,*>",
        "zeroCopyBufferAllowed": "<*,5.0.0>"
    },
    "htc_m8dwg::HTC M8d": {
        "description": "HTC One (M8)",
        "focusUntrusty": "[5.0.0,*>",
        "zeroCopyBufferAllowed": "<*,5.0.0>"
    },
    "htc_m8whl::831C": {
        "description": "HTC One (M8)",
        "focusUntrusty": "[5.0.0,*>",
        "zeroCopyBufferAllowed": "<*,5.0.0>"
    },
    "htc_m8wl::HTC One_M8": {
        "description": "HTC One (M8)",
        "focusUntrusty": "[5.0.0,*>",
        "zeroCopyBufferAllowed": "<*,5.0.0>"
    },
    "htc_m8wl::HTC6525LVW": {
        "description": "HTC One (M8)",
        "focusUntrusty": "[5.0.0,*>",
        "zeroCopyBufferAllowed": "<*,5.0.0>"
    },
    "ja3g::GT-I9500": {
        "description": "Galaxy S4",
        "zeroCopyBufferAllowed": "*"
    },
    "ja3gchnduos::GT-I9502": {
        "description": "Galaxy S4 Duos",
        "zeroCopyBufferAllowed": "*"
    },
    "ja3gduosctc::SCH-I959": {
        "description": "Galaxy S4",
        "zeroCopyBufferAllowed": "*"
    },
    "jactivelte::GT-I9295": {
        "description": "Galaxy S4 Active",
        "zeroCopyBufferAllowed": "*"
    },
    "jactivelteatt::SAMSUNG-SGH-I537": {
        "description": "Galaxy S4 Active",
        "zeroCopyBufferAllowed": "*"
    },
    "jactivelteatt::SGH-I537": {
        "description": "Galaxy S4 Active",
        "zeroCopyBufferAllowed": "*"
    },
    "jactivelteskt::SHV-E470S": {
        "description": "Galaxy S4 Active",
        "zeroCopyBufferAllowed": "*"
    },
    "jaltektt::SHV-E300K": {
        "description": "Galaxy S4",
        "zeroCopyBufferAllowed": "*"
    },
    "jaltelgt::SHV-E300L": {
        "description": "Galaxy S4",
        "zeroCopyBufferAllowed": "*"
    },
    "jalteskt::SHV-E300S": {
        "description": "Galaxy S4",
        "zeroCopyBufferAllowed": "*"
    },
    "jflte::GT-I9505": {
        "description": "Galaxy S4",
        "zeroCopyBufferAllowed": "*"
    },
    "jflte::GT-I9508": {
        "description": "Galaxy S4",
        "zeroCopyBufferAllowed": "*"
    },
    "jflte::GT-I9508C": {
        "description": "Galaxy S4",
        "zeroCopyBufferAllowed": "*"
    },
    "jflteaio::SAMSUNG-SGH-I337Z": {
        "description": "Galaxy S4",
        "zeroCopyBufferAllowed": "*"
    },
    "jflteatt::SAMSUNG-SGH-I337": {
        "description": "Galaxy S4",
        "zeroCopyBufferAllowed": "*"
    },
    "jfltecan::SGH-I337M": {
        "description": "Galaxy S4",
        "zeroCopyBufferAllowed": "*"
    },
    "jfltecan::SGH-M919V": {
        "description": "Galaxy S4",
        "zeroCopyBufferAllowed": "*"
    },
    "jfltecri::SCH-R970C": {
        "description": "Galaxy S4",
        "zeroCopyBufferAllowed": "*"
    },
    "jfltecsp::SCH-R970X": {
        "description": "Galaxy S4",
        "zeroCopyBufferAllowed": "*"
    },
    "jfltelra::SCH-I545L": {
        "description": "Galaxy S4",
        "zeroCopyBufferAllowed": "*"
    },
    "jflterefreshspr::SPH-L720T": {
        "description": "Galaxy S4",
        "zeroCopyBufferAllowed": "*"
    },
    "jfltespr::SPH-L720": {
        "description": "Galaxy S4",
        "zeroCopyBufferAllowed": "*"
    },
    "jfltetfnatt::SM-S975L": {
        "description": "Galaxy S4",
        "zeroCopyBufferAllowed": "*"
    },
    "jfltetfntmo::SGH-S970G": {
        "description": "Galaxy S4",
        "zeroCopyBufferAllowed": "*"
    },
    "jfltetmo::SGH-M919": {
        "description": "Galaxy S4",
        "zeroCopyBufferAllowed": "*"
    },
    "jflteusc::SCH-R970": {
        "description": "Galaxy S4",
        "zeroCopyBufferAllowed": "*"
    },
    "jfltevzw::SCH-I545": {
        "description": "Galaxy S4",
        "zeroCopyBufferAllowed": "*"
    },
    "jftdd::GT-I9507": {
        "description": "Galaxy S4",
        "zeroCopyBufferAllowed": "*"
    },
    "jftdd::GT-I9507V": {
        "description": "Galaxy S4",
        "zeroCopyBufferAllowed": "*"
    },
    "jfvelte::GT-I9515": {
        "description": "Galaxy S4",
        "zeroCopyBufferAllowed": "*"
    },
    "jfwifi::GT-I9505X": {
        "description": "Galaxy S4",
        "zeroCopyBufferAllowed": "*"
    },
    "jgedlte::GT-I9505G": {
        "description": "Galaxy S4 Google Play Edition",
        "zeroCopyBufferAllowed": "*"
    },
    "k3g::SM-G900H": {
        "description": "Galaxy S5",
        "meteringNotWorking": "*",
        "zeroCopyBufferAllowed": "*"
    },
    "klte::SM-G900F": {
        "description": "Galaxy S5",
        "meteringNotWorking": "*",
        "zeroCopyBufferAllowed": "*"
    },
    "klte::SM-G900FQ": {
        "description": "Galaxy S5",
        "meteringNotWorking": "*",
        "zeroCopyBufferAllowed": "*"
    },
    "klte::SM-G900I": {
        "description": "Galaxy S5",
        "meteringNotWorking": "*",
        "zeroCopyBufferAllowed": "*"
    },
    "klte::SM-G900M": {
        "description": "Galaxy S5",
        "meteringNotWorking": "*",
        "zeroCopyBufferAllowed": "*"
    },
    "klte::SM-G900MD": {
        "description": "Galaxy S5",
        "meteringNotWorking": "*",
        "zeroCopyBufferAllowed": "*"
    },
    "klteMetroPCS::SM-G900T1": {
        "description": "Galaxy S5",
        "meteringNotWorking": "*",
        "zeroCopyBufferAllowed": "*"
    },
    "klteacg::SM-G900R7": {
        "description": "Galaxy S5",
        "meteringNotWorking": "*",
        "zeroCopyBufferAllowed": "*"
    },
    "klteatt::SAMSUNG-SM-G900A": {
        "description": "Galaxy S5",
        "meteringNotWorking": "*",
        "zeroCopyBufferAllowed": "*"
    },
    "klteattactive::SAMSUNG-SM-G870A": {
        "description": "Galaxy S5 Active",
        "zeroCopyBufferAllowed": "*"
    },
    "kltecan::SM-G900W8": {
        "description": "Galaxy S5",
        "meteringNotWorking": "*",
        "zeroCopyBufferAllowed": "*"
    },
    "kltektt::SM-G900K": {
        "description": "Galaxy S5",
        "meteringNotWorking": "*",
        "zeroCopyBufferAllowed": "*"
    },
    "kltelgt::SM-G900L": {
        "description": "Galaxy S5",
        "meteringNotWorking": "*",
        "zeroCopyBufferAllowed": "*"
    },
    "kltelra::SM-G900R6": {
        "description": "Galaxy S5",
        "meteringNotWorking": "*",
        "zeroCopyBufferAllowed": "*"
    },
    "klteskt::SM-G900S": {
        "description": "Galaxy S5",
        "meteringNotWorking": "*",
        "zeroCopyBufferAllowed": "*"
    },
    "kltespr::SM-G900P": {
        "description": "Galaxy S5",
        "meteringNotWorking": "*",
        "zeroCopyBufferAllowed": "*"
    },
    "kltetmo::SM-G900T": {
        "description": "Galaxy S5",
        "meteringNotWorking": "*",
        "zeroCopyBufferAllowed": "*"
    },
    "klteusc::SM-G900R4": {
        "description": "Galaxy S5",
        "meteringNotWorking": "*",
        "zeroCopyBufferAllowed": "*"
    },
    "kltevzw::SM-G900V": {
        "description": "Galaxy S5",
        "meteringNotWorking": "*",
        "zeroCopyBufferAllowed": "*"
    },
    "kmini3g::SM-G800H": {
        "description": "Galaxy S5 Mini",
        "zeroCopyBufferAllowed": "*"
    },
    "kminilte::SM-G800F": {
        "description": "Galaxy S5 Mini",
        "zeroCopyBufferAllowed": "*"
    },
    "kminilte::SM-G800M": {
        "description": "Galaxy S5 mini",
        "zeroCopyBufferAllowed": "*"
    },
    "ks01lte::GT-I9506": {
        "description": "Galaxy S4",
        "zeroCopyBufferAllowed": "*"
    },
    "ks01ltektt::SHV-E330K": {
        "description": "Galaxy S4",
        "zeroCopyBufferAllowed": "*"
    },
    "ks01ltelgt::SHV-E330L": {
        "description": "Galaxy S4",
        "zeroCopyBufferAllowed": "*"
    },
    "ks01lteskt::SHV-E330S": {
        "description": "Galaxy S4 LTE-A",
        "zeroCopyBufferAllowed": "*"
    },
    "kwifi::SM-G900X": {
        "description": "Galaxy S5",
        "meteringNotWorking": "*",
        "zeroCopyBufferAllowed": "*"
    },
    "lentisltektt::SM-G906K": {
        "description": "Galaxy S5",
        "meteringNotWorking": "*",
        "zeroCopyBufferAllowed": "*"
    },
    "lentisltelgt::SM-G906L": {
        "description": "Galaxy S5",
        "meteringNotWorking": "*",
        "zeroCopyBufferAllowed": "*"
    },
    "lentislteskt::SM-G906S": {
        "description": "Galaxy S5",
        "meteringNotWorking": "*",
        "zeroCopyBufferAllowed": "*"
    },
    "mako::Nexus 4": {
        "description": "Nexus 4",
        "zeroCopyBufferAllowed": "*"
    },
    "mproject3g::SM-C101": {
        "description": "Galaxy S4 Zoom",
        "zeroCopyBufferAllowed": "*"
    },
    "mprojectlteatt::SAMSUNG-SM-C105A": {
        "description": "Galaxy S4 Zoom",
        "zeroCopyBufferAllowed": "*"
    },
    "mprojectltelgt::SM-C105L": {
        "description": "Galaxy S4 Zoom",
        "zeroCopyBufferAllowed": "*"
    },
    "mprojectlteskt::SM-C105S": {
        "description": "Galaxy S4 Zoom",
        "zeroCopyBufferAllowed": "*"
    },
    "mprojectqlte::SM-C105": {
        "description": "Galaxy S4 Zoom",
        "zeroCopyBufferAllowed": "*"
    },
    "pecan::LG-P350": {
        "blacklisted": "*",
        "description": "LG Pecan"
    },
    "peregrine::XT1039": {
        "description": "MOTO G LTE",
        "zeroCopyBufferAllowed": "*"
    },
    "peregrine::XT1040": {
        "description": "MOTO G LTE",
        "zeroCopyBufferAllowed": "*"
    },
    "peregrine::XT1045": {
        "description": "MOTO G LTE",
        "zeroCopyBufferAllowed": "*"
    },
    "primods::HTC Desire V": {
        "description": "HTC Desire V",
        "previewSize": [
            640,
            480
        ]
    },
    "primou::HTC One V": {
        "description": "HTC One V",
        "focusUntrusty": "*"
    },
    "roamer2::ZTE Kis Lite": {
        "description": "ZTE Kis Lite",
        "pictureSize": [
            1600,
            1200
        ]
    },
    "saga::HTC Desire S": {
        "description": "HTC Desire S",
        "previewSize": [
            640,
            480
        ]
    },
    "serrano3g::GT-I9190": {
        "description": "Galaxy S4 Mini",
        "eglPbufferNotSupported": "[4.2.2,4.2.2]",
        "zeroCopyBufferAllowed": "*"
    },
    "serranods::GT-I9192": {
        "description": "Galaxy S4 Mini",
        "eglPbufferNotSupported": "[4.2.2,4.2.2]",
        "zeroCopyBufferAllowed": "*"
    },
    "serranolte::GT-I9195": {
        "description": "Galaxy S4 Mini",
        "eglPbufferNotSupported": "[4.2.2,4.2.2]",
        "zeroCopyBufferAllowed": "*"
    },
    "serranolte::GT-I9195L": {
        "description": "Galaxy S4 Mini",
        "eglPbufferNotSupported": "[4.2.2,4.2.2]",
        "zeroCopyBufferAllowed": "*"
    },
    "serranolte::GT-I9195T": {
        "description": "Galaxy S4 Mini",
        "eglPbufferNotSupported": "[4.2.2,4.2.2]",
        "zeroCopyBufferAllowed": "*"
    },
    "serranolte::GT-I9195X": {
        "description": "Galaxy S4 Mini",
        "eglPbufferNotSupported": "[4.2.2,4.2.2]",
        "zeroCopyBufferAllowed": "*"
    },
    "serranolte::GT-I9197": {
        "description": "Galaxy S4 Mini",
        "eglPbufferNotSupported": "[4.2.2,4.2.2]",
        "zeroCopyBufferAllowed": "*"
    },
    "serranoltebmc::SGH-I257M": {
        "description": "Galaxy S4 Mini",
        "eglPbufferNotSupported": "[4.2.2,4.2.2]",
        "zeroCopyBufferAllowed": "*"
    },
    "serranoltektt::SHV-E370K": {
        "description": "Galaxy S4 Mini",
        "eglPbufferNotSupported": "[4.2.2,4.2.2]",
        "zeroCopyBufferAllowed": "*"
    },
    "serranoltekx::SHV-E370D": {
        "description": "Galaxy S4 Mini",
        "eglPbufferNotSupported": "[4.2.2,4.2.2]",
        "zeroCopyBufferAllowed": "*"
    },
    "serranoltelra::SCH-I435L": {
        "description": "Galaxy S4 Mini",
        "eglPbufferNotSupported": "[4.2.2,4.2.2]",
        "zeroCopyBufferAllowed": "*"
    },
    "serranoltespr::SPH-L520": {
        "description": "Galaxy S4 Mini",
        "eglPbufferNotSupported": "[4.2.2,4.2.2]",
        "zeroCopyBufferAllowed": "*"
    },
    "serranolteusc::SCH-R890": {
        "description": "Galaxy S4 Mini",
        "eglPbufferNotSupported": "[4.2.2,4.2.2]",
        "zeroCopyBufferAllowed": "*"
    },
    "serranoltevzw::SCH-I435": {
        "description": "Galaxy S4 Mini",
        "eglPbufferNotSupported": "[4.2.2,4.2.2]",
        "zeroCopyBufferAllowed": "*"
    },
    "serranovolteatt::SAMSUNG-SGH-I257": {
        "description": "Galaxy S4 Mini",
        "eglPbufferNotSupported": "[4.2.2,4.2.2]",
        "zeroCopyBufferAllowed": "*"
    },
    "shamu::Nexus 6": {
        "description": "Nexus 6",
        "minZoomLevel": 0.01,
        "zeroCopyBufferAllowed": "*"
    },
    "v72c::V72C": {
        "description": "ZTE v72C tablet (a.k.a. Sprint Optik 2)",
        "naturalOrientationIsLandscapeLeft": "*"
    },
    "zeroflte::SM-G920F": {
        "description": "Galaxy S6",
        "minZoomLevel": 0.2,
        "zeroCopyBufferAllowed": "*"
    }
}